ensemble_lasso,pca_component_1,pca_component_3,pca_component_7,pca_component_10,feature_selection_f_regression_mean,feature_selection_f_regression_weighted,feature_selection_mutual_info_mean,feature_selection_mutual_info_weighted,adaptive_ml_factor
ensemble_lasso,pca_component_1,pca_component_3,pca_component_7,pca_component_10,feature_selection_f_regression_mean,feature_selection_f_regression_weighted,feature_selection_mutual_info_mean,feature_selection_mutual_info_weighted,adaptive_ml_factor
2263,2263,2263,2263,2263,2263,2263,2263,2263,2263
0.0,0.0,0.0,0.0,0.0,0.0,0.0,0.0,0.0,0.0
0.002848495913742783,0.6010591375518802,0.6982789436304795,0.006616585069367201,0.006509727238144193,0.056890460942346184,0.06507724055376785,0.05689047051692138,0.04881106719908777,0.11314298998232558
0.002130423477559635,0.48578273255348886,0.5422146047288371,0.15906149308463075,0.11889679138423141,0.02261367729808118,0.025754665609391502,0.02261367729808118,0.019514677303591386,0.09114502738265574
0.001739879470110501,0.34811137419095806,0.3840527192154908,0.10796680225684249,0.08164522738220265,0.014830579667886208,0.017074176170022385,0.014830579667886208,0.012612016320585579,0.06305091374469818
0.0007715431469256348,0.12654694402219155,0.1158585881054635,0.037055111564796926,0.017784794130223977,0.03890192352161744,0.04282956732954022,0.03890192352161744,0.03220105641051772,0.01360891904897886
0.0,0.04655232504853744,0.05089565938018252,0.0075487610172424125,0.004161564715145737,0.004339974831778248,0.005679797040385246,0.004339974831778248,0.005033322019601074,0.012139900681537957
0.0007380103226391865,0.025442244290010668,0.030004272893573967,0.005922249170791702,0.004653620570655859,0.0041193370137756705,0.005244978560197693,0.0041193370137756705,0.004649852205048532,0.007830389954257822
0.0007380103226391865,-0.02111008075852678,-0.020891386486608557,-0.0016265118464507107,0.0004920558555101223,-0.00022063781800257736,-0.000434818480187553,-0.00022063781800257736,-0.00038346981455254206,-0.0043095107272801345
0.03441244380071443,0.03441244380071443,0.03441244380071443,0.03441244380071443,0.03441244380071443,0.03441244380071443,0.03441244380071443,0.03441244380071443,0.03441244380071443,0.03441244380071443
0.0,1.3527759120545508,1.478989974525607,0.21936137581387619,0.12093197272607938,0.12611643790575972,0.1650506739154436,0.12611643790575972,0.1462645910516991,0.35277647678384066
{0: 0.0007380103226391865},"{0: -0.02111008075852678, 1: -0.004539440151826533, 2: -0.0005871321934700546, 3: 0.004478141526817913, 4: 0.025442244290010668}","{0: -0.020891386486608557, 1: -0.006775881065341999, 2: -0.0025472204418486265, 3: 0.003883370992709453, 4: 0.030004272893573967}","{0: -0.0016265118464507107, 1: -0.004315821383341796, 2: 0.0003763597129895353, 3: 0.0033275376479703386, 4: 0.005922249170791702}","{0: 0.0004920558555101223, 1: -0.002829356593723079, 2: -0.001230400175755585, 3: 0.0025960132490287753, 4: 0.004653620570655859}","{0: -0.00022063781800257736, 1: -0.0011850180601737184, 2: -0.0006848355282897835, 3: 0.0016568730836734934, 4: 0.0041193370137756705}","{0: -0.000434818480187553, 1: -0.0010658706418499421, 2: -0.00012385424170427545, 3: 6.155202808245511e-05, 4: 0.005244978560197693}","{0: -0.00022063781800257736, 1: -0.0011850180601737184, 2: -0.0006848355282897835, 3: 0.0016568730836734934, 4: 0.0041193370137756705}","{0: -0.00038346981455254206, 1: -0.0008767959729640196, 2: -8.477149056918992e-05, 3: 0.00037840248254022963, 4: 0.004649852205048532}","{0: -0.0043095107272801345, 1: -5.501524497547349e-07, 2: -0.00014881678564514824, 3: 0.00031401530090230834, 4: 0.007830389954257822}"
-6.57747289872672,2.1768077331532965,3.246770156031791,-0.9422662984910299,-0.4190013970712244,2.32454876223929,2.91103086463763,2.3245486963550457,2.0245218460112184,15.806151964412933
41.299648876957264,15.764024622853674,54.73549811587341,7.454290455495933,12.190195270256053,10.513218305450414,17.013924882667375,10.513217905845451,7.521619279518331,381.2338711202546
3.246821838946516e-07,1.3541758398665322,1.2523166736052362,0.25255535761420755,0.1971307129177007,2331250.9496798455,1406513.748101226,2331250.9602955715,1956202.0291941299,0.010895199655438847
0.48166151126822804,0.4829871851524525,0.4882898806893504,0.4768007070260716,0.4904993371630579,0.48166151126822804,0.48166151126822804,0.48166151126822804,0.48166151126822804,0.43040212107821474
0.9895197740977588,0.7551075081402875,0.33790924112953385,0.8790318314825355,0.7999298898471362,0.9781070647532831,0.9672309419480957,0.9781070649047997,0.9854597027976478,0.4762733393330555
0.9789367713083386,0.6853930412332356,0.31455267116641367,0.7719527682710544,0.6469295251766777,0.9381839620260493,0.9085062865406152,0.9381839625989968,0.9583030035533713,0.1464074938140547
0.9682476215654873,0.6440118210043447,0.3433941567905856,0.6700365903084159,0.49098624478825964,0.8842408574271341,0.8289461119585826,0.8842408586825261,0.9215835387237165,0.061569479961200824
0.9574487697382427,0.5950807333065892,0.32319280084188756,0.590925537323411,0.377338221712644,0.8293803241574581,0.7501090276046315,0.8293803260580326,0.8827147910394856,0.04784079303171465
0.9465364611244175,0.5271318450179794,0.2768693685618736,0.548367898845392,0.36835050133343245,0.7755613858572094,0.6739652721214796,0.7755613881649948,0.843387896487085,0.027738335260081196
0.9355067254493732,0.47535637552913684,0.2053652656198322,0.4894236511531273,0.3694551531815306,0.7381152028528912,0.6259702563971943,0.7381152052166811,0.8120001861201265,0.027987713013401413
0.9243553591787952,0.4561860184360848,0.22767157441624902,0.44851569105487576,0.376409215042357,0.7063050218701459,0.5874590066276055,0.7063050242290009,0.7832791445341235,0.04682088014006684
0.913077905921872,0.42437981483968784,0.2053371689262741,0.4085137170424853,0.3765128992842766,0.6815662840291293,0.5612895960693033,0.6815662861846657,0.7578630971855554,0.10955213737762083
0.9016696346674313,0.38618630001976223,0.16921218962428716,0.36997275489351344,0.34872516180941676,0.6581067838392776,0.5372085400350244,0.6581067856555415,0.7329519422024583,0.11140893361783391
0.8901255155529294,0.35006513130621586,0.1818099043446079,0.35807630006698804,0.2932181343988936,0.6376777740230968,0.5193825457849134,0.6376777754527853,0.708874888090112,0.02610434381492001
