ma_cross_5_10,ma_distance_5_10,ma_cross_5_20,ma_distance_5_20,ma_cross_5_50,ma_distance_5_50,ma_cross_10_20,ma_distance_10_20,ma_cross_10_50,ma_distance_10_50,ma_cross_20_50,ma_distance_20_50,price_position_20,price_deviation_20,price_position_50,price_deviation_50,price_position_100,price_deviation_100,adx_20,di_plus_20,trend_consistency_20,adx_50,di_plus_50,trend_consistency_50,momentum_5,returns_momentum_5,momentum_10,returns_momentum_10,momentum_20,returns_momentum_20,rs_20,momentum_50,returns_momentum_50,rs_50,rsi_14,rsi_overbought_14,rsi_oversold_14,rsi_21,rsi_overbought_21,rsi_oversold_21,macd,macd_signal,macd_diff,macd_cross,stoch_k,stoch_d,stoch_overbought,stoch_oversold,volatility_5,vol_change_5,volatility_10,vol_change_10,volatility_20,vol_change_20,volatility_50,vol_change_50,atr_14,atr_21,bb_width,bb_percent,bb_position,volume_ma_20,volume_ratio_20,vol_price_corr_20,volume_ma_50,volume_ratio_50,vol_price_corr_50,obv,vwap_distance,hammer,doji,support_distance,price_range,skewness_20,kurtosis_20,q25_20,q75_20,skewness_50,kurtosis_50,q25_50,q75_50,price_zscore_20,returns_zscore_20,price_zscore_50,returns_zscore_50,price_rank_20,volume_rank_20,price_rank_50,volume_rank_50
ma_cross_5_10,ma_distance_5_10,ma_cross_5_20,ma_distance_5_20,ma_cross_5_50,ma_distance_5_50,ma_cross_10_20,ma_distance_10_20,ma_cross_10_50,ma_distance_10_50,ma_cross_20_50,ma_distance_20_50,price_position_20,price_deviation_20,price_position_50,price_deviation_50,price_position_100,price_deviation_100,adx_20,di_plus_20,trend_consistency_20,adx_50,di_plus_50,trend_consistency_50,momentum_5,returns_momentum_5,momentum_10,returns_momentum_10,momentum_20,returns_momentum_20,rs_20,momentum_50,returns_momentum_50,rs_50,rsi_14,rsi_overbought_14,rsi_oversold_14,rsi_21,rsi_overbought_21,rsi_oversold_21,macd,macd_signal,macd_diff,macd_cross,stoch_k,stoch_d,stoch_overbought,stoch_oversold,volatility_5,vol_change_5,volatility_10,vol_change_10,volatility_20,vol_change_20,volatility_50,vol_change_50,atr_14,atr_21,bb_width,bb_percent,bb_position,volume_ma_20,volume_ratio_20,vol_price_corr_20,volume_ma_50,volume_ratio_50,vol_price_corr_50,obv,vwap_distance,hammer,doji,support_distance,price_range,skewness_20,kurtosis_20,q25_20,q75_20,skewness_50,kurtosis_50,q25_50,q75_50,price_zscore_20,returns_zscore_20,price_zscore_50,returns_zscore_50,price_rank_20,volume_rank_20,price_rank_50,volume_rank_50
2263,2263,2263,2263,2263,2263,2263,2263,2263,2263,2263,2263,2263,2263,2263,2263,2263,2263,2263,2263,2263,2263,2263,2263,2263,2263,2263,2263,2263,2263,2263,2263,2263,2263,2263,2263,2263,2263,2263,2263,2263,2263,2263,2263,2263,2263,2263,2263,2263,2263,2263,2263,2263,2263,2263,2263,2263,2263,2263,2263,2263,2263,2263,2263,2263,2263,2263,2263,2263,2263,2263,2263,2263,2263,2263,2263,2263,2263,2263,2263,2263,2263,2263,2263,2263,2263,2263,2263,2263
0.0,0.0,0.0,0.0,0.0,0.0,0.0,0.0,0.0,0.0,0.0,0.0,0.0,0.0,0.0,0.0,0.0,0.0,0.0,0.0,0.0,0.0,0.0,0.0,0.0,0.0,0.0,0.0,0.0,0.0,0.0,0.0,0.0,0.0,0.0,0.0,0.0,0.0,0.0,0.0,0.0,0.0,0.0,0.0,0.0,0.0,0.0,0.0,0.0,0.0,0.0,0.0,0.0,0.0,0.0,0.0,0.0,0.0,0.0,0.0,0.0,0.0,0.0,0.0,0.0,0.0,0.0,0.0,0.0,0.0,0.0,0.0,0.0,0.0,0.0,0.0,0.0,0.0,0.0,0.0,0.0,0.0,0.0,0.0,0.0,0.0,0.0,0.0,0.0
0.09031633728062355,0.11796154633788658,0.0624796212370686,0.07981203163929518,0.06295252556294606,0.0691555365914764,0.013467610919524782,0.03617971966401023,0.04726527890119046,0.04772276896371995,0.026498338710035395,0.042492260213935054,0.3418426193476065,0.3897077677000337,0.2417828517919337,0.25200062800563033,0.1769280823913683,0.16929418107338753,0.049914743868473735,0.20908003679970352,0.227765615310645,0.022110978467873275,0.12321338296228776,0.15525659967824815,0.4686252596044934,0.45377265262077815,0.32223603887103214,0.3180349777295882,0.22432259143729866,0.2253040524224027,0.21434299835218004,0.1370111527025768,0.14439758360381916,0.14549018108373943,0.32747399524901716,0.22669299669829474,-0.1581867512444812,0.2674113527932487,0.22347882491055243,-0.09667482549970745,0.06695451552353279,0.018615791853655934,0.17152493003275532,0.1287882080622907,0.385298419673016,0.14509923565455188,0.33463340503993916,-0.25962478099403274,0.1522604573998305,0.21259617506426598,0.10436603131391,0.27674362674511216,0.06820629951955332,0.33163006091228114,0.0303058063840449,0.3618403557589814,0.011129973228158467,0.001472730751304482,0.07030709462547584,0.39261321591566817,0.39261321591566817,0.032834142263254915,0.1250575492490336,0.15968973527399535,0.005420917860924433,0.15935190553628414,0.10286452493158238,0.049767438162788225,0.49439769562121694,-0.02218676529123935,-0.008806255275770414,0.27032907353612673,-0.010145172836101569,0.1247570371410161,0.0450977877232395,0.08056626175372053,0.1454314190117545,0.07336233341328582,0.028580802988255674,0.06467739633153789,0.06005286101242571,0.3945954422140007,0.825668982942802,0.2940937665600002,0.8693934138827392,0.3286272111979374,0.03040546304225418,0.22446618087293319,0.04001187253701908
0.07582755190640537,0.08612556809750464,0.030129650595130685,0.0454069395858755,0.04107116765260043,0.033904976129360664,0.00012152332129655889,0.009379199829254128,0.037865765928541587,0.01809450960169814,0.015106393871511274,0.018007593049756174,0.3524812545886554,0.30053273818783693,0.23280829547405776,0.19019588546913838,0.15500919868294166,0.13514739888585933,0.021949675198098144,0.13183127088159985,0.25149633144152117,0.026060716371464475,0.0763478489242423,0.15697251112940225,0.36655278270817143,0.36890935327470653,0.2475610221102054,0.24795580279957236,0.17280180418552013,0.17126195062113342,0.18718477163580474,0.1058282738697444,0.1015812931228855,0.10507029745042697,0.3055863159962922,0.17085397032038166,-0.14837203498162166,0.24783486521945602,0.15248674793453287,-0.08113922261470004,0.0473067742688735,0.012058313892131214,0.13813324066108315,0.1214329628111354,0.4183324232300158,0.13537299819413193,0.3502744115262878,-0.3116458584898424,0.0401224990672647,0.0033427536140869262,0.029210775042125103,0.0021257256219183065,0.02002445967907873,0.0020132713566737223,-0.009560220713891442,-0.0035587018034441203,-0.009597050224553481,-0.0178072139036985,0.01441991764325021,0.36646780201622886,0.36646780201622886,0.01284567755823222,-0.010978448025191963,0.0837183440930506,-0.014400921365899221,-0.0005926760769328597,0.03250617720305071,0.02481892701315452,0.40155592296890996,-0.017845742919265366,0.00263138221312982,0.25334294808602015,-0.03688952297178258,0.03553990631814811,0.012313443059337901,0.1345503771655671,0.13381863281528436,0.015352874035312217,0.0031820221627018156,0.08561300817682663,0.05707614442983846,0.36824241702415117,0.9379886656584044,0.22537689268435027,0.9509063776257336,0.4022966160384598,-0.014219363884316091,0.2645627600563508,-0.0026950848777866653
0.06192703104352645,0.05897753758079423,0.024606356935250737,0.030540094783691695,0.03354210191772811,0.02270936956707454,9.924596404923281e-05,0.00573853754265234,0.030924306577087578,0.011980317960521644,0.01233712679253453,0.011955284810582913,0.24149330722102127,0.2132214356893315,0.1585948077568979,0.13236708287368473,0.1050984965449545,0.09290368462655231,0.014409291343175255,0.08984274639417883,0.20539264070842939,0.017722742921934,0.051800828414510065,0.12819669533429376,0.2614608965998627,0.26306140653483145,0.17418528944676465,0.1746072931427427,0.11979691665506782,0.11908387218872529,0.12652000953721249,0.07203935482262246,0.06910974416928564,0.07074094372607864,0.20986731463518793,0.13953343946801294,-0.12117283738289755,0.16993878388887462,0.1245332512478295,-0.06626497930343551,0.03292210203307743,0.00814689204341837,0.09688000396214208,0.0991721698597702,0.2884961400257602,0.09086404748410792,0.2860629653864515,-0.25451570396349105,0.026254403792709272,1.290489600036734e-05,0.020499339989300227,-0.0008521216911187408,0.013524756774123752,-0.0007770585112639926,-0.006516894176667335,-0.007371620245105842,-0.0073828545240053455,-0.013089105055225597,0.009643357294145737,0.25464731015390574,0.25464731015390574,0.007816674962691493,-0.00893513055571219,0.05619203248208113,-0.009995658541941642,-0.0018497150946915294,0.021420363471390265,0.015697406590590636,0.2844289775238195,-0.014574305090585219,0.0021490036787816767,0.17728905275882076,-0.025373774640985034,0.024133697375801674,0.008333696705313936,0.09578734408069844,0.09293629158482286,0.010195237183532446,0.0019334378437828844,0.05968264336842667,0.03894516009959523,0.25584163301442503,0.7831727375562324,0.15503460014320544,0.8160433687874924,0.2844995626770803,-0.012298907770829521,0.18299977375883336,-0.002969072125660381
0.00518932898074787,0.03276383643477211,0.004556451973663241,0.031599018568780675,0.005129795884939613,0.02544006358034833,0.002098860328207571,0.020231409546952926,0.005370546571822626,0.021107874366150508,0.00319732470129541,0.01641028317525018,0.07121863246713046,0.07074929677090083,0.05396157635221479,0.044977499104084696,0.03615418058721533,0.033852143883251626,0.014360024436483045,0.03536042368029805,0.025410397329335588,0.015420878053536195,0.03145996329177565,0.0138651078439195,0.0789034937410983,0.08950393993490481,0.06376796965046862,0.06544279544525318,0.038544862701253804,0.04070538403185317,0.024468131350245188,0.027270570115021837,0.028322994551678075,0.02274708026956563,0.05477194971143469,0.01800294830814448,0.008732764977103335,0.048677680589064534,0.016184521560469817,0.004078111136233424,0.026596784380291373,0.02120106639449454,0.040734115060260555,0.004857379531810744,0.07999243940529102,0.02052403400357588,0.046275585366780406,0.025944474659916814,0.05590742481807485,0.049684664733105385,0.05242020073936877,0.08143863857444666,0.0440113129624142,0.05425942034378981,0.02675638534968559,0.026785186716911505,0.04034027953610935,0.036636553426745336,0.03932327642146621,0.08733854448515231,0.08733854448515231,0.023525857981490345,0.06292744974814632,0.025763513303640857,0.01751657405077576,0.07063614836653323,0.022466888637239113,0.029832865008382715,0.09002881884869703,0.007767665318825987,0.027643216971917167,0.06362023558330257,0.04022210592454679,0.022612881549027925,0.014579299105632784,0.02340232444558323,0.041711514458356684,0.01932942670328252,0.011769879433699695,0.01689125219260483,0.02469606255003941,0.08770601359584433,0.3182719519188364,0.056203487264962805,0.32942649614057434,0.06534644100997872,0.06432142828785824,0.034337977114202736,0.06885317151719937
0.0,0.012475332939247123,0.0,0.008112371805446621,0.0,0.00443588808828793,0.0,0.0021569192377935377,0.0,0.0027475752579916085,0.0,0.0014118740459287368,0.03587336405111443,0.029535122003754466,0.02572388772569826,0.020508350330703126,0.0188434378193354,0.015569945491455725,0.004299957305719599,0.016168740403092643,0.0,0.0026666568005088574,0.010662520389917135,0.0,0.03544964784743197,0.03621245411793228,0.024854164216689036,0.025006908969455587,0.01888882003373156,0.017894547746102527,0.021481247745820498,0.012978529852501553,0.012075170522168372,0.01291774988803147,0.030042117114906383,0.0,0.0,0.025501876629908223,0.0,0.0,0.005359675376553483,2.7368730689726443e-05,0.01858668602498534,0.0,0.040757975857994705,0.014497737081122246,0.0,0.0,0.007764104761176565,0.006084054704877339,0.006545934159242581,0.005633557757524909,0.004418258988970809,0.005135004278656094,0.0024865045459384017,0.005683326544113734,0.001315511180232435,0.0008536937732936436,0.006283054461906214,0.03720284944990562,0.03720284944990562,0.004760259819225661,0.004255443654896447,0.013942578926518559,0.0004978363268939929,0.005109699702638139,0.009696735890211704,0.005055772257986909,0.03921912294127363,0.0,0.0,0.026961686983307115,0.0004196442229075232,0.00949233359395361,0.0029479486921126065,0.011210496292573136,0.014359010799140363,0.0074668052371478265,0.0038387278162011615,0.006541414634086863,0.007131714678707304,0.03707991308261953,0.07484646173102197,0.02608821772548131,0.07641590629055246,0.03957998439053889,0.00616771530999621,0.0278726695533919,0.005302153973936248
0.0007380103226391865,0.009193072541327793,0.0007380103226391865,0.005753494164013846,0.0007380103226391865,0.003713085281201256,0.0007380103226391865,0.003491991517635974,0.0007380103226391865,0.002967547760657956,0.0007380103226391865,0.0029589496454628674,0.021580039442438973,0.016814858718470622,0.015498153375818781,0.01294037824641502,0.011781133195537521,0.009237517466474872,0.005157559123757486,0.011181673156355846,0.0007380103226391865,0.00308468671827895,0.007819181739921651,0.0007380103226391865,0.018542136071629113,0.018795543860129056,0.01402555633659969,0.014291700491865051,0.011216904819494514,0.01032278233909528,0.012946014308034864,0.008237908200929761,0.007670654205363175,0.008249772876273667,0.01757598311784271,0.0007380103226391865,0.0007380103226391865,0.015230376231177078,0.0007380103226391865,0.0007380103226391865,0.003412739014805991,0.002295682405219015,0.011032892819353613,0.0007380103226391865,0.023445510108896065,0.009069497060738953,0.0007380103226391865,0.0007380103226391865,0.007229694015161468,0.005470053193258591,0.005698305279531608,0.005033331478714583,0.0035567211747771694,0.004941385767297808,0.0018801296513488342,0.005062046306189801,0.0008423698450898013,0.0010780351398876667,0.005145487697949982,0.020926564440756128,0.020926564440756128,0.0037010542391119035,0.003783977725562341,0.009172139983934818,0.00044828498586061343,0.00435577051719732,0.006930717332174661,0.004404042899862856,0.02136016703005732,0.0007380103226391865,0.0007380103226391865,0.013563989072971336,0.0015642958238463517,0.006395210501482303,0.0016208759582109883,0.008178938566612969,0.009569454381836746,0.0059077112753201134,0.001627745341625796,0.004549662945267596,0.005398130730472367,0.020926564440756128,0.03980739747499948,0.015782687893134462,0.04050422166854096,0.025631758095901763,0.006048333857358979,0.016285609163711252,0.004746145083595175
0.0007380103226391865,-0.0032822603979193307,0.0007380103226391865,-0.0023588776414327746,0.0007380103226391865,-0.0007228028070866734,0.0007380103226391865,0.001335072279842436,0.0007380103226391865,0.00021997250266634732,0.0007380103226391865,0.0015470755995341306,-0.014293324608675459,-0.012720263285283844,-0.010225734349879476,-0.007567972084288105,-0.007062304623797878,-0.006332428024980854,0.0008576018180378868,-0.004987067246736797,0.0007380103226391865,0.00041802991777009245,-0.002843338649995483,0.0007380103226391865,-0.016907511775802856,-0.017416910257803224,-0.010828607880089346,-0.010715208477590533,-0.007671915214237047,-0.007571765407007248,-0.008535233437785636,-0.004740621651571792,-0.004404516316805197,-0.004667977011757804,-0.012466133997063672,0.0007380103226391865,0.0007380103226391865,-0.010271500398731143,0.0007380103226391865,0.0007380103226391865,-0.0019469363617474922,0.0022683136745292884,-0.007553793205631725,0.0007380103226391865,-0.01731246574909864,-0.005428240020383293,0.0007380103226391865,0.0007380103226391865,-0.0005344107460150979,-0.000614001511618748,-0.0008476288797109725,-0.000600226278810326,-0.0008615378141936399,-0.00019361851135828612,-0.0006063748945895674,-0.0006212802379239331,-0.0004731413351426336,0.00022434136659402315,-0.0011375667639562323,-0.01627628500914949,-0.01627628500914949,-0.0010592055801137575,-0.0004714659293341058,-0.00477043894258374,-4.955134103337945e-05,-0.0007539291854408196,-0.002766018558037043,-0.000651729358124053,-0.01785895591121631,0.0007380103226391865,0.0007380103226391865,-0.013397697910335779,0.0011446516009388284,-0.003097123092471307,-0.0013270727339016184,-0.0030315577259601685,-0.004789556417303618,-0.001559093961827713,-0.0022109824745753653,-0.0019917516888192663,-0.0017335839482349369,-0.0161533486418634,-0.03503906425602248,-0.010305529832346848,-0.035911684622011504,-0.01394822629463713,-0.00011938145263723097,-0.011587060389680649,-0.000556008890341073
0.03441244380071443,0.03441244380071443,0.03441244380071443,0.03441244380071443,0.03441244380071443,0.03441244380071443,0.03441244380071443,0.03441244380071443,0.03441244380071443,0.03441244380071443,0.03441244380071443,0.03441244380071443,0.03441244380071443,0.03441244380071443,0.03441244380071443,0.03441244380071443,0.03441244380071443,0.03441244380071443,0.03441244380071443,0.03441244380071443,0.03441244380071443,0.03441244380071443,0.03441244380071443,0.03441244380071443,0.03441244380071443,0.03441244380071443,0.03441244380071443,0.03441244380071443,0.03441244380071443,0.03441244380071443,0.03441244380071443,0.03441244380071443,0.03441244380071443,0.03441244380071443,0.03441244380071443,0.03441244380071443,0.03441244380071443,0.03441244380071443,0.03441244380071443,0.03441244380071443,0.03441244380071443,0.03441244380071443,0.03441244380071443,0.03441244380071443,0.03441244380071443,0.03441244380071443,0.03441244380071443,0.03441244380071443,0.03441244380071443,0.03441244380071443,0.03441244380071443,0.03441244380071443,0.03441244380071443,0.03441244380071443,0.03441244380071443,0.03441244380071443,0.03441244380071443,0.03441244380071443,0.03441244380071443,0.03441244380071443,0.03441244380071443,0.03441244380071443,0.03441244380071443,0.03441244380071443,0.03441244380071443,0.03441244380071443,0.03441244380071443,0.03441244380071443,0.03441244380071443,0.03441244380071443,0.03441244380071443,0.03441244380071443,0.03441244380071443,0.03441244380071443,0.03441244380071443,0.03441244380071443,0.03441244380071443,0.03441244380071443,0.03441244380071443,0.03441244380071443,0.03441244380071443,0.03441244380071443,0.03441244380071443,0.03441244380071443,0.03441244380071443,0.03441244380071443,0.03441244380071443,0.03441244380071443,0.03441244380071443
0.0,0.3625238884948974,0.0,0.2357394857635249,0.0,0.12890360574147416,0.0,0.06267846742545957,0.0,0.07984249168420193,0.0,0.04102800876639354,1.042453254958012,0.8582686592906631,0.7475170282781314,0.595957394059801,0.5475762758512429,0.4524510256122083,0.12495355838780413,0.46985155999751943,0.0,0.07749106154598341,0.30984490528091385,0.0,1.0301403774961198,1.0523069598788704,0.7222435105342051,0.7266821593454058,0.5488950492187774,0.5200022366830868,0.624229068711898,0.37714641621099015,0.35089546653811554,0.37538019568849357,0.8730015598102533,0.0,0.0,0.741065551100988,0.0,0.0,0.15574817666515772,0.000795314940380905,0.540115259835149,0.0,1.184396437928902,0.4212934473668871,0.0,0.0,0.22561910470930796,0.1767981007135282,0.19021997383128836,0.16370699477634748,0.12839131723853575,0.14921940180689774,0.07225597113468529,0.16515323866640774,0.03822777562240796,0.02480770555667192,0.1825808855160636,1.0810871109692377,1.0810871109692377,0.13832960677808165,0.12366002483113682,0.40516096465747364,0.014466753066914048,0.14848406966470823,0.281779926655787,0.14691697826708683,1.139678517701187,0.0,0.0,0.7834865532783628,0.01219454873178205,0.2758401480849361,0.0856651945204602,0.325768677095243,0.41726216488124734,0.21697980185274748,0.111550572764654,0.19008863979462734,0.20724231966807435,1.0775146716505417,2.174982461706718,0.7581041868621866,2.2205893523018556,1.150164882789207,0.17922921562077967,0.8099590286236295,0.15407664752441005
{0: 0.0007380103226391865},"{0: -0.0032822603979193307, 1: -0.002098479965787173, 2: -0.0009286605334219245, 3: 0.0007965684833812347, 4: 0.009193072541327793}",{0: 0.0007380103226391865},"{0: -0.0023588776414327746, 1: -0.0011039421516463573, 2: 0.00019339300833117956, 3: 0.0012017395527855635, 4: 0.005753494164013846}",{0: 0.0007380103226391865},"{0: -0.0007228028070866734, 1: -0.0016946701218668624, 2: 0.0008624673022549352, 3: 0.001528621821903817, 4: 0.003713085281201256}",{0: 0.0007380103226391865},"{0: 0.001335072279842436, 1: -0.0009112586015128495, 2: -7.347397392773286e-05, 3: -0.0001596934211255227, 4: 0.003491991517635974}",{0: 0.0007380103226391865},"{0: 0.00021997250266634732, 1: -0.0007390514611142232, 2: -0.0013348757443014223, 3: 0.0025726720517075274, 4: 0.002967547760657956}",{0: 0.0007380103226391865},"{0: 0.0015470755995341306, 1: -0.002083727548725327, 2: 0.00024750130128335006, 3: 0.0010135490656415337, 4: 0.0029589496454628674}","{0: -0.014293324608675459, 1: -0.0025515881231714045, 2: -0.002247608860490354, 3: 0.001163028431375881, 4: 0.021580039442438973}","{0: -0.012720263285283844, 1: -0.0032245622712875803, 2: -0.0013592210842235106, 3: 0.0041734462284673535, 4: 0.016814858718470622}","{0: -0.010225734349879476, 1: -0.0014360976072555045, 2: 0.0016533290449391982, 3: -0.0018342790755940567, 4: 0.015498153375818781}","{0: -0.007567972084288105, 1: -0.0034503430669600597, 2: 0.0005273109350605041, 3: 0.0012320572610286422, 4: 0.01294037824641502}","{0: -0.007062304623797878, 1: -0.0007771373120606379, 2: -0.0003470770616805883, 3: 7.340636323163336e-05, 4: 0.011781133195537521}","{0: -0.006332428024980854, 1: -0.0009959433198759718, 2: -0.0006061744718952753, 3: 0.0027981628983574165, 4: 0.009237517466474872}","{0: 0.0008576018180378868, 1: -0.0011935817756234565, 2: -0.00036879149158659753, 3: -0.000770065147643573, 4: 0.005157559123757486}","{0: -0.004987067246736797, 1: -0.0022765048453908905, 2: -0.0020717719106686265, 3: 0.0018268333432638138, 4: 0.011181673156355846}",{0: 0.0007380103226391865},"{0: 0.00041802991777009245, 1: 9.781583855507185e-05, 2: -0.0017680143040994154, 3: 0.001857885983025524, 4: 0.00308468671827895}","{0: -0.002843338649995483, 1: -0.002238275379261888, 2: -0.0005285066613142583, 3: 0.0014681262841261566, 4: 0.007819181739921651}",{0: 0.0007380103226391865},"{0: -0.016907511775802856, 1: -0.0032599963160663058, 2: 0.000576942834577356, 3: 0.004738129905826437, 4: 0.018542136071629113}","{0: -0.017416910257803224, 1: -0.0031599423524330894, 2: 0.000765740137951134, 3: 0.004705835683411684, 4: 0.018795543860129056}","{0: -0.010828607880089346, 1: -0.0029133720963308834, 2: -0.0014704100507620355, 3: 0.004873077941364276, 4: 0.01402555633659969}","{0: -0.010715208477590533, 1: -0.0031903508145881155, 2: -0.0007083716711994568, 3: 0.004007635024158112, 4: 0.014291700491865051}","{0: -0.007671915214237047, 1: -0.00257315849599278, 2: -7.333536806917577e-05, 3: 0.002786978507044716, 4: 0.011216904819494514}","{0: -0.007571765407007248, 1: -0.003211153958031111, 2: 0.0008812885049014387, 3: 0.0032660793459924186, 4: 0.01032278233909528}","{0: -0.008535233437785636, 1: -0.0028444779443113325, 2: 0.0005028836835265552, 3: 0.0015943763370361644, 4: 0.012946014308034864}","{0: -0.004740621651571792, 1: -0.001206685365088864, 2: 0.00014224690228046544, 3: 0.0012527316994249468, 4: 0.008237908200929761}","{0: -0.004404516316805197, 1: -0.0009491217260651151, 2: -0.0010386236124382668, 3: 0.0024076986267624, 4: 0.007670654205363175}","{0: -0.004667977011757804, 1: -0.0006023371844600112, 2: -0.0005856811309223812, 3: 0.0012825836412746897, 4: 0.008249772876273667}","{0: -0.012466133997063672, 1: -0.0041719562796941395, 2: -0.00019095318951354854, 3: 0.002907915038431993, 4: 0.01757598311784271}",{0: 0.0007380103226391865},{0: 0.0007380103226391865},"{0: -0.010271500398731143, 1: -0.00413373504538924, 2: 0.0005719826040345082, 3: 0.0022612327836314277, 4: 0.015230376231177078}",{0: 0.0007380103226391865},{0: 0.0007380103226391865},"{0: -0.0019469363617474922, 1: -0.001596311755894274, 2: -0.00021563954625498154, 3: 0.004036222868464167, 4: 0.003412739014805991}","{0: 0.0022683136745292884, 1: -0.0026354160993341848, 2: -9.804713274784598e-05, 3: 0.0018526869614710984, 4: 0.002295682405219015}","{0: -0.007553793205631725, 1: -0.0019585302685133843, 2: 0.0010274150626623717, 3: 0.0011376356146869072, 4: 0.011032892819353613}",{0: 0.0007380103226391865},"{0: -0.01731246574909864, 1: -0.0025266947325113982, 2: -0.0021568675066841467, 3: 0.002196736258176056, 4: 0.023445510108896065}","{0: -0.005428240020383293, 1: -0.0021854136532490722, 2: 0.0011007844419782282, 3: 0.0011141886937185536, 4: 0.009069497060738953}",{0: 0.0007380103226391865},{0: 0.0007380103226391865},"{0: -0.0005344107460150979, 1: -0.0014908507520711835, 2: -0.0009607199129584443, 3: -0.0005642648702502884, 4: 0.007229694015161468}","{0: -0.000614001511618748, 1: 0.0009280550730594539, 2: 0.00019502258350092796, 3: -0.0022965556697750037, 4: 0.005470053193258591}","{0: -0.0008476288797109725, 1: -0.0015439780909795417, 2: 0.0007626349802798692, 3: -0.00039031025914302355, 4: 0.005698305279531608}","{0: -0.000600226278810326, 1: 0.0008135261503092238, 2: -0.0010847322087534311, 3: -0.0004783897507301029, 4: 0.005033331478714583}","{0: -0.0008615378141936399, 1: -0.001010659159998834, 2: 0.0006598820869357555, 3: 0.0013395820897984148, 4: 0.0035567211747771694}","{0: -0.00019361851135828612, 1: 0.0006671567713657455, 2: -0.0009398862598186746, 3: -0.0007922245317478755, 4: 0.004941385767297808}","{0: -0.0006063748945895674, 1: 0.0010376602009608982, 2: 0.00048426463774088515, 3: 0.0008924065893193707, 4: 0.0018801296513488342}","{0: -0.0006212802379239331, 1: 0.0004958402857806875, 2: 0.0006639011959646355, 3: -0.0019170151081050535, 4: 0.005062046306189801}","{0: -0.0004731413351426336, 1: 0.001354300771232817, 2: 0.0012372301025620296, 3: 0.0007279568770150391, 4: 0.0008423698450898013}","{0: 0.00022434136659402315, 1: 0.0007483783857970655, 2: 0.0012291462523124211, 3: 0.0004083116173947525, 4: 0.0010780351398876667}","{0: -0.0011375667639562323, 1: 0.001073890483342765, 2: -0.00036259774046338775, 3: -0.0010364781462263277, 4: 0.005145487697949982}","{0: -0.01627628500914949, 1: -0.0014101625572028405, 2: -0.0003587208533745577, 3: 0.0007664170458346106, 4: 0.020926564440756128}","{0: -0.01627628500914949, 1: -0.0014101625572028405, 2: -0.0003587208533745577, 3: 0.0007664170458346106, 4: 0.020926564440756128}","{0: -0.0010592055801137575, 1: -0.0006921398055028954, 2: 0.0015000570191348222, 3: 0.00023204438965221324, 4: 0.0037010542391119035}","{0: -0.0004714659293341058, 1: 0.0009325892119992189, 2: -0.00077757486942158, 3: 0.00021913967303859285, 4: 0.003783977725562341}","{0: -0.00477043894258374, 1: -0.002742802868517632, 2: -0.00025225437533452, 3: 0.002276935071457906, 4: 0.009172139983934818}","{0: -4.955134103337945e-05, 1: 0.0014375141544725844, 2: 9.669502150364075e-05, 3: 0.0017591686168126376, 4: 0.00044828498586061343}","{0: -0.0007539291854408196, 1: 0.0009860446094429435, 2: -0.0018770935969467805, 3: 0.0009770410028481981, 4: 0.00435577051719732}","{0: -0.002766018558037043, 1: -0.0008617697140032508, 2: -0.00014930476520704232, 3: 0.0005304789153286537, 4: 0.006930717332174661}","{0: -0.000651729358124053, 1: -0.00024304724993639843, 2: -0.0007043841519705505, 3: 0.0008836467698804299, 4: 0.004404042899862856}","{0: -0.01785895591121631, 1: -0.003927713683470692, 2: -0.0002264544066088494, 3: 0.004338528074537203, 4: 0.02136016703005732}",{0: 0.0007380103226391865},{0: 0.0007380103226391865},"{0: -0.013397697910335779, 1: -0.001419607610163245, 2: 0.0010764924090907312, 3: 0.0038377507382771747, 4: 0.013563989072971336}","{0: 0.0011446516009388284, 1: 0.0015681859598559147, 2: 0.0002480347775689598, 3: -0.0008358605975896459, 4: 0.0015642958238463517}","{0: -0.003097123092471307, 1: -0.004071247535455233, 2: 0.00021756151872543732, 3: 0.004241619099756032, 4: 0.006395210501482303}","{0: -0.0013270727339016184, 1: 0.00023846911617756865, 2: 0.0011385187449016814, 3: 0.0020198847928344036, 4: 0.0016208759582109883}","{0: -0.0030315577259601685, 1: -0.001478554504180031, 2: 0.0001937454809445599, 3: -0.0001243428945210532, 4: 0.008178938566612969}","{0: -0.004789556417303618, 1: -0.0006199891959921561, 2: -0.002012506335135426, 3: 0.0015469270906171098, 4: 0.009569454381836746}","{0: -0.001559093961827713, 1: -0.002569266504516011, 2: 0.000618199236846851, 3: 0.0012790943496523892, 4: 0.0059077112753201134}","{0: -0.0022109824745753653, 1: 0.0016521171109211438, 2: 0.002790241264248779, 3: -0.00017557840327352738, 4: 0.001627745341625796}","{0: -0.0019917516888192663, 1: -0.0018314877561946014, 2: 0.0017497787718683772, 3: 0.0012395377354981049, 4: 0.004549662945267596}","{0: -0.0017335839482349369, 1: -0.0015887385907573865, 2: 0.0012605915965223124, 3: 0.0003665660157301704, 4: 0.005398130730472367}","{0: -0.0161533486418634, 1: -0.001249327630207446, 2: -0.000607548280867352, 3: 0.0007664170458346106, 4: 0.020926564440756128}","{0: -0.03503906425602248, 1: -0.012795483269656547, 2: 0.00029423347608208616, 3: 0.011415684310417964, 4: 0.03980739747499948}","{0: -0.010305529832346848, 1: -0.00029143861517586976, 2: 6.656342817021493e-06, 3: -0.0015111762491609507, 4: 0.015782687893134462}","{0: -0.035911684622011504, 1: -0.011936936306024508, 2: 5.2193709952257044e-05, 3: 0.010975362214948348, 4: 0.04050422166854096}","{0: -0.01394822629463713, 1: -0.0016638253531330506, 2: 0.0008322667848981714, 3: 0.0004658946428214355, 4: 0.025631758095901763}","{0: -0.00011938145263723097, 1: 0.001006470450735426, 2: 0.0002499714423803812, 3: -0.0015700643353053776, 4: 0.006048333857358979}","{0: -0.011587060389680649, 1: -4.7727682101016544e-05, 2: 0.000301486063539906, 3: -0.0011409053306596791, 4: 0.016285609163711252}","{0: -0.000556008890341073, 1: 0.001178300965161809, 2: -0.0017022959048125035, 3: -6.743655146639845e-05, 4: 0.004746145083595175}"
0.08586269530237799,0.8900369216969842,0.1838350528375429,1.1183122716422715,0.3032225731348907,1.8332068592823099,0.14987686186912869,0.8714533202947238,0.3087159091709585,1.7104560826915203,0.26494926587556544,1.533768443459375,0.0723997434763635,1.4340543253209155,0.2695832850842772,1.9629673848582525,0.37958389651831453,2.4392014996008826,0.678408020570191,0.8337724029442899,0.1892105566218617,0.19850999942449982,0.007463608722122205,0.3178866995770218,1.9252523782240718,1.7877839864677785,1.6480393193621097,1.4033747372211927,2.031256405068859,1.2645487114794398,3.0235857766405347,3.3732967579302087,1.7207688320754535,1.530265005409574,0.12961368145192184,3.3257935792470295,4.773528252031834,-0.1671191471006052,4.093165782131852,7.858416287713159,1.7656692673975733,1.9059547268151775,0.38889857528047034,-0.0026531090007553913,0.05621166681733918,0.042337948271861776,1.7864862998684414,1.9208037736330021,6.823089308186843,7.9053772857872415,5.540949246709744,12.67725290836534,4.3278129810012125,14.003111090951482,2.7518393095949585,14.95921410217715,1.8321841353483723,1.6867279795496197,2.2525316970542817,0.15498838261840941,0.15498838261840941,2.1275258123540763,3.6410204919422657,0.005991081206550463,0.8310873512582679,4.7619331022078635,-0.01513681272731672,0.80459960627026,0.6842409061831741,3.915135799889659,2.45843261587289,1.6342992604201199,1.7221555867235725,0.6071638636821757,3.020476069119664,-1.2837366617843389,1.7936619267138565,1.481784638937186,3.674818900723212,-0.9888582814301129,2.0487912306982397,0.14670820774415977,0.15800674526557268,0.3237309003896526,0.33424985101557814,0.12868184682970354,0.02096265638623808,0.17906867738265614,0.03489179256326385
-1.9943909876928938,4.923345325314182,-1.9679446906997302,4.20336754800568,-1.9097446522922197,5.974500453007362,-1.9792869677386626,3.259614021950998,-1.9063800950372274,5.231577120962555,-1.931509703243368,4.534578960461248,-1.1067685981622128,6.488067772072938,-1.1586561623463054,6.925834433751282,-1.0170651815815015,8.713389698419673,0.3834312102441122,1.7404069870711756,-1.9659376087896168,0.20113038649776982,3.6007906503014655,-1.9006285707454889,15.586829121314901,14.278502056484191,7.932655927785165,6.815548536532702,8.6141461112848,3.7731818999816613,15.100022075767557,16.81116022712207,4.9300135443953526,3.224118280506873,0.8647259830066654,9.068917104517443,20.804958258596674,2.5209134789899115,14.767056210873955,59.80756267283952,7.195728145265061,7.719249076500812,6.859466642340774,-2.001762866290615,-1.155918737565805,-1.2129176861623714,1.1925865058024452,1.6909808153731851,83.08977079562138,141.05805111397598,50.946639254544436,306.47301268217615,29.359395214891485,337.21619405570624,11.52630316483834,469.55931473927484,3.234016390035699,2.4770904822844346,7.2177285822742725,-0.6093728937653071,-0.6093728937653071,7.817036511932093,28.080811045184767,-0.8737274339731242,1.7043716140536982,44.796870581263235,-0.7782749910285642,0.648346839045252,3.3201145220671644,13.340077282811626,4.047467227835412,3.6039847755096557,3.9360934905868645,1.8939703658724647,12.417908235744648,2.75906955292805,5.758894425611956,4.372001612809598,13.764076700748026,2.491290433167929,8.818810929900856,-0.5690556182579569,1.076400618146041,-0.13485760574671257,3.84313216591077,-1.449270376714477,-1.2699091098497914,-1.484745985052471,-1.2558965455736046
0.22469906375390103,0.006963621121778797,0.12799821667409716,0.008586655046942997,0.05617476593847526,0.009243066266649102,0.11003120820329915,0.0050712085859057595,0.04012483281319661,0.006239100233421265,0.038341506910387874,0.0038452584265004524,0.09590269313638838,0.021041375213241956,0.05927362477991787,0.021286278004144347,0.040954825850468744,0.021239390279831512,0.5701645593860991,1.2251967528785759,0.23691484618814088,0.16514658658719847,0.5041332800448252,0.1186357556843513,0.031039410656715657,0.00617346513692977,0.03162597581387141,0.0031312336451605163,0.03200259048924543,0.0015676224475016578,0.2038774248693015,0.033043285648347825,0.0006241727009384349,0.07013557390403205,3.4379265428996577,0.030205082478823003,0.028533214444939812,2.326473816209216,0.02574676772180116,0.0115916183682568,0.0014315635602047282,0.0009810819809527476,0.0010042865603170827,0.15131520285332142,11.2496313783141,6.1582220541710635,0.12991529201961657,0.1315871600534998,0.07949819232562826,0.3664806984553988,0.03988002763754828,0.1582248159677146,0.020241895669133498,0.07564524927973403,0.008488874042858906,0.028613571653049594,0.0007400377352306807,0.0005156867097669224,1.2031652403387216,0.12186635495625082,0.12186635495625082,11189075.944518503,0.4023063730947236,0.07127682243766216,4883386.42750691,0.41269483803010054,0.029389198461818283,367106735.1810744,0.02032397803575038,0.10474810521622828,0.1992420864913063,0.018496912144072477,0.013156732028459855,0.17294194047602193,0.430961881367007,0.0013527089631273856,0.0014724530901442726,0.08315744147887162,0.2842853627042425,0.0005700651419972777,0.0006016285865525474,0.47437539823327035,1.0793845453142672,0.3043105995216215,1.0402253764423197,0.12186134641105664,0.25942264823896566,0.07480383415069103,0.23450423539901918
0.4812196199734865,0.47989394608926206,0.4821034025629695,0.4794520547945205,0.4993371630578878,0.4896155545735749,0.48475475033141846,0.4821034025629695,0.5041979673000442,0.4944763588157313,0.5015466195315952,0.4918250110472824,0.48784798939460894,0.4821034025629695,0.48166151126822804,0.49536014140521434,0.47105612019443216,0.47414935925762264,0.4838709677419355,0.48740609809986746,0.48475475033141846,0.47105612019443216,0.4812196199734865,0.5050817498895271,0.4900574458683164,0.4918250110472824,0.49536014140521434,0.4944763588157313,0.4829871851524525,0.484312859036677,0.48784798939460894,0.4887317719840919,0.48475475033141846,0.48166151126822804,0.4900574458683164,0.040653999116217414,0.025187803800265134,0.48784798939460894,0.028722934158197082,0.012814847547503314,0.4891736632788334,0.4913831197525409,0.4759169244365886,0.4821034025629695,0.4900574458683164,0.4891736632788334,0.0764471939902784,0.08484312859036677,0.49094122845779936,0.5214317277949624,0.49094122845779936,0.49270879363676534,0.48784798939460894,0.4931506849315068,0.4812196199734865,0.5002209456473707,0.4900574458683164,0.48784798939460894,0.48784798939460894,0.48740609809986746,0.48740609809986746,0.48784798939460894,0.48784798939460894,0.4949182501104728,0.48166151126822804,0.48166151126822804,0.4732655766681396,0.4829871851524525,0.48784798939460894,0.029164825452938577,0.06053910737958462,0.48784798939460894,0.48784798939460894,0.5024304021210783,0.4887317719840919,0.49977905435262926,0.4891736632788334,0.483429076447194,0.4882898806893504,0.49403446752098984,0.4812196199734865,0.4821034025629695,0.47989394608926206,0.49536014140521434,0.4732655766681396,0.48784798939460894,0.48784798939460894,0.48166151126822804,0.48166151126822804
0.7750147432327984,0.9401507531227505,0.8716142499479734,0.9793823015621602,0.9430176333938793,0.9938673043629908,0.8897543834824952,0.9844951527535202,0.9592650029859049,0.9967158208841139,0.9613140062545927,0.9979243518534098,0.880426745221486,0.9092249357866355,0.9525486074010787,0.9680888628709651,0.9745460702374856,0.9849201717017251,0.9970875901296582,0.9645894056412213,0.7627257132716839,0.9988947181716125,0.9859087742632046,0.8785461504433293,0.7697654644237046,0.7766297730743364,0.8913944855259021,0.8879823623099102,0.948381604676675,0.9422677797231537,0.9283642515674059,0.9855402555750569,0.9795086691459794,0.9809640199991548,0.9326290407477282,0.7739329805996469,0.6216442251400852,0.9568879076728434,0.7343188675806498,0.6227339790878237,0.993162159508525,0.9971092948271413,0.9591541702615616,0.8496900693190915,0.8406114354346312,0.9468478799058897,0.5362619216122396,0.4950968315504104,0.8739397043183453,-0.022476671479326662,0.9408510214873067,0.0250845375583807,0.9724910743582313,0.05029069881143573,0.9897395130515453,0.08119210040131351,0.9966117339590715,0.9981493278233781,0.9876930532251154,0.8733697051800542,0.8733697051800542,0.9931010191622255,0.4372975276665743,0.9286786077204369,0.996613194637016,0.5439412621502735,0.9700760777005584,0.9954203539993771,0.8460505960676508,-0.006804671233290308,-0.006261370045068484,0.9454989269423824,0.9731355724851135,0.9183788653688387,0.9041014072898838,0.9555633065185106,0.9519070247233342,0.9748255616015192,0.973571741743868,0.9848386889497853,0.9863245643266676,0.8716323105288724,-0.01524240603179003,0.9454287150540117,-0.0053026700151147755,0.8590227887863224,0.39570552348611593,0.9444487758240411,0.49403116136437464
0.5799749798945593,0.8018126267811053,0.7520528210905686,0.9276552209418355,0.8896029220519451,0.9783325527553869,0.779424699738328,0.9435758000751329,0.9184930249953086,0.987697871758399,0.9225933535387172,0.9920903957414765,0.7773100799845274,0.8285154763032975,0.9087340475527343,0.9385734543247455,0.9520196681894695,0.970539158204343,0.9896518482758951,0.9247360886161918,0.6555584497592546,0.9969462763349021,0.9691782154518874,0.8286164929773594,0.5691755695579371,0.5763481989961061,0.7899807255805641,0.7869531403226169,0.9020469415918643,0.8945047672288355,0.8688665027452763,0.9711136592578438,0.9619368211708855,0.9621407116471623,0.8733308039213058,0.6941341850028506,0.4797514956281629,0.9177002061504131,0.6518578548563557,0.4486073674752885,0.9767161938414901,0.9886927868836479,0.873375816352231,0.7240145724962896,0.7028514280646941,0.8292450045373498,0.36468598178635425,0.3668013407387032,0.7299742061546012,0.00857956052383811,0.8734564569495332,0.012786097465308255,0.9409238661479957,0.04096743694440693,0.978003490317867,0.05701707082183843,0.9910249789644542,0.995070544321901,0.959233221682485,0.7603692150954107,0.7603692150954107,0.9791851207101577,0.35960636181041333,0.8694660158461907,0.9912297176532548,0.45319664250265984,0.9448535612184037,0.9908586247014015,0.7195791567711132,-0.006830497984814366,0.007523326318207697,0.8928136309615256,0.937465602962807,0.8522624830591472,0.8191234845541069,0.9127404851190106,0.9180187341765277,0.952668673339156,0.9483175235982106,0.9717861665805836,0.9734319627342071,0.7568758881937903,-0.01648962828076342,0.8940998972252812,-0.014598184999709062,0.7485291432319539,0.38177360291210094,0.8931085708379521,0.48916201223214867
0.3989602185941554,0.6216668268715507,0.6413253575218533,0.8542544684622677,0.8415714134285689,0.9561246799469598,0.6707902529978131,0.8819431335440882,0.8776839630749218,0.9737017148361365,0.8838379465004035,0.9827994955401055,0.6892361004428377,0.7608045872594617,0.8752494474836254,0.9138203559004426,0.9331979209521535,0.958251673577955,0.9782550182603837,0.8896092781655301,0.5625950429544807,0.9941927824145953,0.9534737706170354,0.7877132875917568,0.40988024647907145,0.4139202110924755,0.6985747407139691,0.6956634118847119,0.8600326785158493,0.8527113879817849,0.8112648516321327,0.9571050355714006,0.9464030218529884,0.9444308370076608,0.821332522665296,0.6675258035283459,0.3851498409509414,0.8826711504616976,0.6152021891152331,0.39056179775281213,0.9533992304831962,0.9752529328890939,0.7646848004128608,0.6141565724873995,0.5860897981689376,0.6880398902946377,0.32015361345861,0.25099420562008345,0.5719520883241761,-0.037861851019748094,0.8016038719540004,0.0044357154839078025,0.9063683768315505,0.007995573289258344,0.9653910526161457,0.003946981723042959,0.9839345273966408,0.9911029223073248,0.9189944156282626,0.6636826672340548,0.6636826672340548,0.95968822910586,0.14302424560757968,0.8186744948747443,0.9842549669396887,0.28647238769447614,0.9256739853534115,0.9869834758128457,0.6233982308269699,0.02727437477346882,-0.0009390546796222058,0.8447183518611902,0.898063112595781,0.7940979804860292,0.7483262167017173,0.8723618770375468,0.880869039407491,0.933601626642058,0.9236247169980596,0.9608961085093656,0.9598103912788893,0.6589628413678578,0.05317571177469612,0.8520456074012921,0.054864255005048934,0.6507943903535375,0.12907200359470503,0.8489756452271725,0.2714615776458017
0.24526269272748152,0.42797510852575354,0.5376564243426198,0.7667294760364769,0.7953075505307295,0.9294552297665125,0.5638528752588744,0.8039144633485658,0.8368377138848965,0.9553822771911399,0.8468495359911008,0.9703112556183616,0.6020763027732526,0.6908781955275943,0.8390871605549003,0.8883730845437563,0.9124607125199745,0.9449475141451013,0.9633474714382844,0.8541936379404194,0.47492113689370474,0.9906807152259945,0.937616465661973,0.7504032620417658,0.23055430983384478,0.2275803297935492,0.6096845510668453,0.6042415574468403,0.8168049020618615,0.8094306804400009,0.7480031718710483,0.9416622151222331,0.9283683603298678,0.9246506888759338,0.7665133097093534,0.6076670375668926,0.2905447845567629,0.8444659123437097,0.5877068462037639,0.3034943473792399,0.9247894999469118,0.9574206475423903,0.6427859003180404,0.5148249119347147,0.4756883015092327,0.562196702287871,0.2470190628085372,0.16240739840828455,0.4213741632295639,-0.03603603509606725,0.7291920642045463,-0.016274789941582567,0.8713556006736608,0.02867833887195772,0.9528587094678742,0.016937949138037388,0.9763555178788093,0.9867304608585175,0.8698874538964115,0.5652641335595444,0.5652641335595444,0.9362479001970431,0.19573855533815981,0.7676718534282124,0.9761215309055782,0.3222010567628789,0.9058500627003522,0.9831450469003086,0.5231293127274727,-0.023948024476845433,-0.009912359094418951,0.7954579442835226,0.8557439547046064,0.7388822028303781,0.6764921987982392,0.832807636671813,0.846649461264203,0.9138076683207015,0.898557800768861,0.9481040865227758,0.9459709207858854,0.5593727601553667,-0.023711821853435292,0.8076580551548571,-0.008142822697914782,0.5568423154868805,0.1852984303533885,0.8028142419822027,0.32002522614827256
0.12692004551970032,0.2546641746582807,0.44283951788934073,0.6736708967971877,0.7562507543611672,0.9007849104884987,0.4639570255781726,0.7135912673910032,0.7977680057632027,0.9333667957794883,0.8116305142485929,0.9548768539626254,0.5280343999582526,0.6174618459809402,0.804293112865587,0.8615914628417699,0.8918056670369414,0.9314567455159589,0.9453723822762272,0.8168251925198197,0.4211287163966491,0.9864481881017241,0.9210070063668632,0.7076107791822974,0.014502971345574272,0.010671303084200712,0.503599715547759,0.4950511190226744,0.769907051553479,0.7601996819097677,0.6948754865485939,0.9261225424771553,0.909218776041952,0.9066689473808275,0.7161848809799408,0.5744039204599002,0.2314097193129431,0.8082438425100523,0.5418856134228724,0.24544695071010905,0.8924112195064785,0.9359003093391141,0.5162048972024521,0.4207190350102976,0.38159400138503735,0.4506360731740306,0.1897585275244866,0.12828862011360148,0.2737861825588826,-0.17207923674926898,0.6517293136874578,0.0027072195906574933,0.8332961770539733,0.026312654885614316,0.9396755033369376,0.011391151293375552,0.9683446209741046,0.9819990876453899,0.8141078450723107,0.48442867469154627,0.48442867469154627,0.9094702058191872,0.08291064382120839,0.7164865810753454,0.9668885085512423,0.22469823217543153,0.8848958351581186,0.9793250417560695,0.4255750505461905,0.0272243552921972,-0.02288768614790538,0.745322242028554,0.8114750357983107,0.6846710611536966,0.6131079466111168,0.7954474182960334,0.812615808135216,0.8933301298397347,0.8746957719955363,0.935310752542635,0.932965577031719,0.4779771576431903,0.030777193161281587,0.762142363664502,0.04851399851063658,0.4809274460006371,0.027373622889750027,0.7618314251327798,0.17617609943779314
0.04753005021756843,0.14002977832542396,0.3622436703149889,0.5847225692039072,0.7207846727492495,0.8727880288858934,0.372892246244683,0.6158356167756941,0.7604772735091853,0.9083976682046754,0.7763797753611126,0.9367687708337331,0.45789396745027605,0.5436363389275988,0.7711188065108974,0.8340145554250386,0.8706173180141782,0.9172632053163134,0.9247013263400047,0.7777038054195148,0.35835999366487176,0.9815296877369387,0.9035407621733591,0.67386387965999,0.022252612262245796,0.014194964631952776,0.3983671403335124,0.3868069984361297,0.725583589462183,0.7117324181458289,0.6462922319434182,0.9094429567032727,0.8887218105213849,0.8887584220394339,0.6650560339677053,0.5145378473142974,0.20774655266356648,0.7702998089757674,0.5143872041570241,0.1873987398739895,0.8577420651236786,0.9114153248378626,0.3931361354120148,0.33893499134662747,0.2920320645643085,0.35111462169177793,0.12613232863365953,0.08394803425718239,0.2315569323764648,-0.008905507714214594,0.5737720108719376,0.0006081735582352412,0.7941315793418187,-0.00331404553002388,0.9264280797127481,0.006581595223917727,0.9600274938623665,0.9769665151946113,0.753488007765217,0.4047367447490985,0.4047367447490985,0.8802382554185039,0.10262135034705919,0.6623961564691141,0.9568136687512737,0.2222530920785117,0.8620934582626651,0.9748940173028281,0.3293011909466088,-0.0154673865372108,0.02619245536951226,0.6956108245036814,0.7650403590781143,0.6299198450702899,0.5498968681839141,0.7587045613197506,0.7777155388201371,0.8721777517430732,0.851117187653954,0.9216132358517743,0.9188760177458684,0.39802751192799996,-0.057953433663890955,0.7149968293681304,-0.04544750952114687,0.4015271937036994,0.11336508492515332,0.7220356013955238,0.2437557544602417
-0.0008124580092051012,0.06868955593999031,0.2887362323983808,0.5003978406712596,0.6852862242588411,0.8453898721979689,0.2906686005863379,0.5155010717387069,0.7249679609906774,0.8812219672204122,0.7410972317382033,0.916241804405127,0.4008167564009942,0.4830142307309842,0.7406531827603298,0.8110007257395137,0.851364780893631,0.9054711579027683,0.9016892115756016,0.7403720934978207,0.2973327257236824,0.9759607520158027,0.8860691426722246,0.643721741581201,0.03863463594059968,0.024888625798983714,0.3061788076450721,0.2871512799152614,0.6881489297586328,0.6689141706266812,0.6060985649773135,0.8945973888305393,0.8704059614904571,0.8722768572671014,0.6225040686006424,0.48791962927588395,0.18408252264341057,0.7379451358255683,0.4593993054850446,0.1583713899787755,0.8220749813817664,0.8846764734239944,0.28000385987264326,0.27126227739183606,0.222594645498522,0.26385214968925236,0.1006305255506525,0.08387425910335924,0.19484628519478994,-0.059899469843861394,0.4957235614418466,-0.013973061963008068,0.754714441987196,-0.02916807214810277,0.9131413254538187,0.0031423810582721567,0.9515424997144274,0.9716940499786287,0.6905369901750122,0.3401217499322468,0.3401217499322468,0.8493491529936052,0.001797916660498826,0.6133838542547546,0.9460620867170833,0.14911356122125122,0.8403299087211209,0.970764642168817,0.2602315521648706,0.01864068268474245,-0.005132591958939403,0.6516964695106581,0.7183013074065329,0.5789842666663851,0.48746710237483787,0.7244944991467752,0.7460711494032067,0.8512569541663583,0.8281393853784426,0.9093036462886667,0.9058969168194326,0.3340066861302298,-0.00886446184118125,0.6747244431100485,0.006660787416407269,0.3430420408151296,-0.037756476650442385,0.6853599321031925,0.11924644498191092
-0.020766063387749598,0.02525706868078015,0.22053726307243984,0.4207078481630637,0.6533850701065474,0.8182767126076053,0.21729618525335845,0.4172086518016471,0.6894261454677626,0.8524922737446188,0.7057827954639412,0.8935168230380832,0.3453890334964813,0.42196281187793205,0.7106047308270736,0.7876812082616031,0.8318685125621768,0.8933861482792418,0.876617590832658,0.7054516611816429,0.25235772357723774,0.9697674748296085,0.8691075097217624,0.6171893896490983,0.02021293886005453,0.0035192958681701174,0.2123674132259811,0.1877297001147028,0.6545072467892322,0.6278540064350941,0.5724931115732975,0.8791668781595319,0.8505987893908906,0.8548360155381157,0.5806997591244937,0.4612995699952202,0.14859252422704217,0.7054111905939459,0.46854937017472625,0.1293436293436297,0.7859320851538792,0.8563384022546845,0.1761845278137113,0.2070764757800735,0.15431005241573947,0.18588768020185603,0.0560544942537485,0.02249298250498316,0.1752490728419711,-0.00769801598306147,0.41963098484438066,-0.00893502289655176,0.7161595928513921,0.002062166009168791,0.8997305127921501,0.009848859790105769,0.9432113749128634,0.9663626099200129,0.6272743745729017,0.2816814965998553,0.2816814965998553,0.8171037731127778,0.045604925720517796,0.5685917527839824,0.9346977889730721,0.17610263829781594,0.8188287895191596,0.9662413764073903,0.19171446208778117,0.001547811870846592,-0.005188645603023729,0.6080817523686709,0.6726914993207244,0.5368171983921483,0.4350980198197779,0.6899936683793995,0.7129827647635365,0.8304684468585313,0.8051649360693114,0.8956737368800276,0.8915129836266749,0.27605753974074326,-0.008841197873325062,0.6362398613540098,0.024694787580847175,0.2844490735813121,0.05453119981013372,0.6506115486739311,0.20191013846244757
-0.028293692124812014,0.002500616700426777,0.16301788105953402,0.3472917793688836,0.6250862133581078,0.7914585756334604,0.15719086470885885,0.32574749346411874,0.6556689626933322,0.8228779555217058,0.6704363782954683,0.8687890273442659,0.2969557448599589,0.363709895406744,0.6799726577751587,0.7636233342574649,0.8133642079536862,0.8805079582641387,0.8498161315760313,0.6694200997548534,0.20198138482605404,0.9629948179859154,0.8514754894207477,0.5906328124917735,0.008030403415699893,-0.009367621557605087,0.11101279894762957,0.08120319167475792,0.6186228514555419,0.584690419949007,0.5397380883124817,0.8623227976984248,0.8300110551881932,0.836062588437688,0.5401852456937546,0.4213759648750075,0.1367518677075453,0.6724258517451789,0.44104721832631816,0.07129337539432164,0.7500489147213503,0.827000316585997,0.08369453226526467,0.1410581744801346,0.09372286250185893,0.11586830928239489,0.033720287451630714,-0.008242080062713222,0.15480354790955536,-0.03649715813226915,0.3441804679483488,-0.01963387524386415,0.6772460317708738,-0.0034190716036469155,0.8861598565350534,0.01756934088809902,0.9348769903508867,0.9608933847001172,0.5652383071555398,0.23049987763525775,0.23049987763525775,0.7837008285120047,-0.021018094868119522,0.5234742513041505,0.9227108579376283,0.13840790965599714,0.7961515889308468,0.9611887029723608,0.12564548719465832,-0.03261396334999202,0.008673072711375521,0.5638049020871785,0.6268875783388889,0.4972521088572521,0.3877344771554282,0.6533350141740946,0.6812439726459466,0.8093269792053126,0.7822269772785837,0.8815991079189559,0.8763875570011946,0.22537580996994025,-0.027709032125362573,0.5990169821402779,0.016482950526834503,0.23563368998226367,-0.09672799487547624,0.6194552642492313,0.07851368681640904
-0.019823595684664398,-0.009756958751209261,0.10724450091320603,0.28133334337234445,0.5949449497508048,0.7648767878573912,0.1095237236642588,0.2463067672539404,0.6236988792274574,0.7931266359426841,0.6350578916613673,0.8422710725881857,0.25494903151526105,0.3106345307536602,0.6504809567702957,0.7389867884038184,0.7962223219593271,0.8669449345522392,0.8216018039790944,0.6358255250380493,0.16051720028600913,0.9556779834778506,0.8342757079189319,0.5622315595664975,-0.00018536644709230368,-0.018800259085164514,0.007594899500570203,-0.027071504807626785,0.5803410776893729,0.5409892395234955,0.49990379449517147,0.8440459021744751,0.8093614379290553,0.8165463077433559,0.503124330217234,0.39475175797509693,0.077608650010498,0.6406999541645287,0.41354374262821825,0.04226458843230657,0.7151594401292946,0.7971935213576267,0.005060259478945006,0.08740858655907215,0.04179345004133747,0.053031426006051215,0.0368126984126987,-0.08326691120131023,0.15708859912565576,-0.018420280998693157,0.27304923353361427,-0.20212577481783897,0.6381657901241948,-0.002800858048405275,0.8724110100478846,-0.0008922981524229828,0.9266586274538434,0.9553585517145791,0.5055670075127456,0.1866406822955361,0.1866406822955361,0.7488035238132676,0.0071023002202428125,0.4749258536229052,0.9100230474372752,0.15337767622971846,0.7724660721634484,0.9561912647422275,0.07292349376330093,-0.0065933793319429106,-0.02718841082626639,0.5242093247631497,0.5800489768919237,0.453695841184489,0.3402742908765925,0.6164647471860188,0.653010610895566,0.7874115451599114,0.7591778989029914,0.8682446148643436,0.8613491513138717,0.18267578150101363,-0.020697116195976577,0.5625696049668502,0.008530758039594069,0.19282046308663747,-0.0018154895284100462,0.5883758579360635,0.16100635815854134
